conversion_id,click_id,campaign_id,campaign_name,conversion_method,country,city,isp,goal_id,goal_name,txn_id,device_id,p1,p2,p3,p4,p5,click_device,status,created,sale_amount,currency,payout,conv_request_ip,payout_in_campaign_currency,payout_in_user_currency,sale_amount_in_campaign_currency,sale_amount_in_user_currency,campaign_currency,created_date,created_time
65df106978bcc048df19d722,65df106978bcc048df19d721,8,Myntra,csv_upload,XX,XX,XX,655c590c7746c16a12150895,"Old User",1253257-1297870-3687603,,GP8bUkmnMtxigFr9Hw2e,,,,,,approved,"2023-12-01 00:00:00",302.722,INR,13.622,,13.622,13.622,302.722,302.722,INR,2023-12-01,00:00:00
6602b4cad780f52287388f01,6602b4cad780f52287388f00,8,Myntra,csv_upload,XX,XX,XX,655c58e5e2ae6d4a18742d03,"New User",MYEC100448311,,JuNugHxpSAu3gubWQtTo,,,,,,rejected,"2023-12-01 00:00:00",999,INR,89.91,,89.91,89.91,999,999,INR,2023-12-01,00:00:00
65df0b9478bcc048df1979e0,65df0b9478bcc048df1979df,8,Myntra,csv_upload,XX,XX,XX,655c590c7746c16a12150895,"Old User",1253468-6736158-9345401,,6Uh3tKLmsVeW8i04LLhY,222,,,,,approved,"2023-12-03 00:00:00",522,INR,23.49,,23.49,23.49,522,522,INR,2023-12-03,00:00:00
65df0b9578bcc048df1979ec,65df0b9578bcc048df1979eb,8,Myntra,csv_upload,XX,XX,XX,655c590c7746c16a12150895,"Old User",1253468-7431049-8804701,,PIMucbionSAx5GNukv0f,222,,,,,approved,"2023-12-03 00:00:00",522,INR,23.49,,23.49,23.49,522,522,INR,2023-12-03,00:00:00
65df0b9678bcc048df1979f8,65df0b9678bcc048df1979f7,8,Myntra,csv_upload,XX,XX,XX,655c590c7746c16a12150895,"Old User",1253469-0155065-8737501,,TXTyjDahZwOOoF076f2F,222,,,,,approved,"2023-12-03 00:00:00",522,INR,23.49,,23.49,23.49,522,522,INR,2023-12-03,00:00:00
65df0b9778bcc048df197a1c,65df0b9778bcc048df197a1b,8,Myntra,csv_upload,XX,XX,XX,655c590c7746c16a12150895,"Old User",1253469-9169766-0973303,,okCZWe9WpiAJGVjExsP6,222,,,,,approved,"2023-12-03 00:00:00",512,INR,23.04,,23.04,23.04,512,512,INR,2023-12-03,00:00:00
65df10ac78bcc048df19dcb6,65df10ac78bcc048df19dcb5,8,Myntra,csv_upload,XX,XX,XX,655c590c7746c16a12150895,"Old User",1253455-2867154-9990101,,wAvyI7jIKlIBZM4piASg,,,,,,approved,"2023-12-03 00:00:00",2120,INR,95.4,,95.4,95.4,2120,2120,INR,2023-12-03,00:00:00
65df10b078bcc048df19dd04,65df10b078bcc048df19dd03,8,Myntra,csv_upload,XX,XX,XX,655c590c7746c16a12150895,"Old User",1253468-7878777-7705501,,MdFXEtx6fAr0vA1Tn2qo,,,,,,approved,"2023-12-03 00:00:00",522,INR,23.49,,23.49,23.49,522,522,INR,2023-12-03,00:00:00
65df10b078bcc048df19dd0a,65df10b078bcc048df19dd09,8,Myntra,csv_upload,XX,XX,XX,655c590c7746c16a12150895,"Old User",1253468-9558721-3709501,,TXTyjDahZwOOoF076f2F,,,,,,approved,"2023-12-03 00:00:00",522,INR,23.49,,23.49,23.49,522,522,INR,2023-12-03,00:00:00
65df10b178bcc048df19dd1f,65df10b178bcc048df19dd1e,8,Myntra,csv_upload,XX,XX,XX,655c590c7746c16a12150895,"Old User",1253469-4882629-9053703,,d0KaB11OIJDph1IHY5Ws,,,,,,approved,"2023-12-03 00:00:00",512,INR,23.04,,23.04,23.04,512,512,INR,2023-12-03,00:00:00
65df10bc78bcc048df19de09,65df10bc78bcc048df19de08,8,Myntra,csv_upload,XX,XX,XX,655c590c7746c16a12150895,"Old User",1253495-2187466-8273103,,,,,,,,approved,"2023-12-03 00:00:00",232,INR,10.44,,10.44,10.44,232,232,INR,2023-12-03,00:00:00
65df0be078bcc048df197fbc,65df0be078bcc048df197fbb,8,Myntra,csv_upload,XX,XX,XX,655c58e5e2ae6d4a18742d03,"New User",1253588-2972556-2106003,,,,,,,,approved,"2023-12-04 00:00:00",829,INR,74.61,,74.61,74.61,829,829,INR,2023-12-04,00:00:00
65e96745ba8d8f68da301150,65e96745ba8d8f68da30114f,8,Myntra,csv_upload,XX,XX,XX,655c590c7746c16a12150895,"Old User",1253512-8316242-5981403,,m0bZd5Y6G2MB0UQUPU1h,,,,,,rejected,"2023-12-04 00:00:00",1638,INR,0,,0,0,1638,1638,INR,2023-12-04,00:00:00
65df10f578bcc048df19e331,65df10f578bcc048df19e330,8,Myntra,csv_upload,XX,XX,XX,655c590c7746c16a12150895,"Old User",1253598-0710437-1704101,,kE6lpAAZeAoLLOQ4eMto,,,,,,approved,"2023-12-05 00:00:00",1017.108,INR,45.77,,45.77,45.77,1017.108,1017.108,INR,2023-12-05,00:00:00
65df10f678bcc048df19e349,65df10f678bcc048df19e348,8,Myntra,csv_upload,XX,XX,XX,655c590c7746c16a12150895,"Old User",1253599-1273513-7826803,,kE6lpAAZeAoLLOQ4eMto,,,,,,approved,"2023-12-05 00:00:00",667,INR,30.015,,30.015,30.015,667,667,INR,2023-12-05,00:00:00
65e96687ba8d8f68da3001e7,65e96687ba8d8f68da3001e6,8,Myntra,csv_upload,XX,XX,XX,655c590c7746c16a12150895,"Old User",1253678-2230895-4371603,,2U4feIuqm9cQfjF6p91k,,,,,,rejected,"2023-12-05 00:00:00",815,INR,0,,0,0,815,815,INR,2023-12-05,00:00:00
65e96779ba8d8f68da301522,65e96779ba8d8f68da301521,8,Myntra,csv_upload,XX,XX,XX,655c590c7746c16a12150895,"Old User",1253647-5373644-3000603,,HhEJh4ewedyOOVEh3QEH,,,,,,rejected,"2023-12-05 00:00:00",262,INR,0,,0,0,262,262,INR,2023-12-05,00:00:00
65e9677cba8d8f68da30155b,65e9677cba8d8f68da30155a,8,Myntra,csv_upload,XX,XX,XX,655c590c7746c16a12150895,"Old User",1253669-4477734-4507201,,9h582rjc7qKjkF8Lb7Aj,,,,,,rejected,"2023-12-05 00:00:00",284.545,INR,0,,0,0,284.545,284.545,INR,2023-12-05,00:00:00
6602b4ccd780f52287388f13,6602b4ccd780f52287388f12,8,Myntra,csv_upload,XX,XX,XX,655c58e5e2ae6d4a18742d03,"New User",1253669-44777344000000,,9h582rjc7qKjkF8Lb7Aj,,,,,,rejected,"2023-12-05 00:00:00",2236,INR,201.24,,201.24,201.24,2236,2236,INR,2023-12-05,00:00:00
6602b4cdd780f52287388f22,6602b4cdd780f52287388f21,8,Myntra,csv_upload,XX,XX,XX,655c58e5e2ae6d4a18742d03,"New User",1253647-53736443000603,,fvaIaOEi8wIgm3HL1u94,,,,,,rejected,"2023-12-05 00:00:00",262,INR,23.58,,23.58,23.58,262,262,INR,2023-12-05,00:00:00
65df0c4e78bcc048df1987fc,65df0c4e78bcc048df1987fb,8,Myntra,csv_upload,XX,XX,XX,655c590c7746c16a12150895,"Old User",1253719-7645333-4904801,,lSmpHPzFY6SOoOVNpwq4,7dc2b0b1,,,,,approved,"2023-12-06 00:00:00",217,INR,9.765,,9.765,9.765,217,217,INR,2023-12-06,00:00:00
65df0c8478bcc048df198bf5,65df0c8478bcc048df198bf4,8,Myntra,csv_upload,XX,XX,XX,655c590c7746c16a12150895,"Old User",1253729-6091750-3268003,,oyl7iweOoWRHxF3cmwvM,222,,,,,approved,"2023-12-06 00:00:00",306,INR,13.77,,13.77,13.77,306,306,INR,2023-12-06,00:00:00
65df0ce278bcc048df19934e,65df0ce278bcc048df19934d,8,Myntra,csv_upload,XX,XX,XX,655c590c7746c16a12150895,"Old User",1253748-6640364-6771601,,7XT3Z96wcpkNPjZsUyI0,222,,,,,approved,"2023-12-06 00:00:00",927,INR,41.715,,41.715,41.715,927,927,INR,2023-12-06,00:00:00
65df0ced78bcc048df199438,65df0ced78bcc048df199437,8,Myntra,csv_upload,XX,XX,XX,655c590c7746c16a12150895,"Old User",1253749-2055969-8024703,,t1hbd1qajVxILGdrsAUF,222,,,,,approved,"2023-12-06 00:00:00",927,INR,41.715,,41.715,41.715,927,927,INR,2023-12-06,00:00:00
65df0cfd78bcc048df199579,65df0cfd78bcc048df199578,8,Myntra,csv_upload,XX,XX,XX,655c590c7746c16a12150895,"Old User",1253749-9183930-5034303,,10gbgE7dFVDTCUXdDIRB,222,,,,,approved,"2023-12-06 00:00:00",927,INR,41.715,,41.715,41.715,927,927,INR,2023-12-06,00:00:00
65df0cfe78bcc048df19959a,65df0cfe78bcc048df199599,8,Myntra,csv_upload,XX,XX,XX,655c590c7746c16a12150895,"Old User",1253749-9836632-5468903,,BHKkmVi5KOTvcPtnqqds,222,,,,,approved,"2023-12-06 00:00:00",927,INR,41.715,,41.715,41.715,927,927,INR,2023-12-06,00:00:00
65df0d1078bcc048df1996f9,65df0d1078bcc048df1996f8,8,Myntra,csv_upload,XX,XX,XX,655c590c7746c16a12150895,"Old User",1253757-0764019-4431201,,,,,,,,approved,"2023-12-06 00:00:00",369,INR,16.605,,16.605,16.605,369,369,INR,2023-12-06,00:00:00
65df111c78bcc048df19e6c4,65df111c78bcc048df19e6c3,8,Myntra,csv_upload,XX,XX,XX,655c590c7746c16a12150895,"Old User",1253680-8823684-1724701,,6KgutZJ87a6S4vGhCj6n,,,,,,approved,"2023-12-06 00:00:00",1321,INR,59.445,,59.445,59.445,1321,1321,INR,2023-12-06,00:00:00
65df111d78bcc048df19e6e2,65df111d78bcc048df19e6e1,8,Myntra,csv_upload,XX,XX,XX,655c58e5e2ae6d4a18742d03,"New User",1253683-3407725-9938901,,,,,,,,approved,"2023-12-06 00:00:00",612,INR,55.08,,55.08,55.08,612,612,INR,2023-12-06,00:00:00
65df113978bcc048df19e9bb,65df113978bcc048df19e9ba,8,Myntra,csv_upload,XX,XX,XX,655c590c7746c16a12150895,"Old User",1253729-7417968-2700903,,qJdLBfv7CpQmN7DcpYAb,,,,,,approved,"2023-12-06 00:00:00",3080,INR,138.6,,138.6,138.6,3080,3080,INR,2023-12-06,00:00:00
65df115c78bcc048df19ed57,65df115c78bcc048df19ed56,8,Myntra,csv_upload,XX,XX,XX,655c590c7746c16a12150895,"Old User",1253748-5819888-8951403,,wrO9Z6Cktwg3kkswB0XE,,,,,,approved,"2023-12-06 00:00:00",917,INR,41.265,,41.265,41.265,917,917,INR,2023-12-06,00:00:00
65df115c78bcc048df19ed5a,65df115c78bcc048df19ed59,8,Myntra,csv_upload,XX,XX,XX,655c590c7746c16a12150895,"Old User",1253748-6766852-4368003,,igx2CHwBXtgz2l8mJeSB,,,,,,approved,"2023-12-06 00:00:00",917,INR,41.265,,41.265,41.265,917,917,INR,2023-12-06,00:00:00
65df115c78bcc048df19ed60,65df115c78bcc048df19ed5f,8,Myntra,csv_upload,XX,XX,XX,655c590c7746c16a12150895,"Old User",1253748-7386365-7096201,,9jJ3bmsJTMXUlJktgDm6,,,,,,approved,"2023-12-06 00:00:00",927,INR,41.715,,41.715,41.715,927,927,INR,2023-12-06,00:00:00
65df115d78bcc048df19ed63,65df115d78bcc048df19ed62,8,Myntra,csv_upload,XX,XX,XX,655c590c7746c16a12150895,"Old User",1253748-7852789-0315101,,9jJ3bmsJTMXUlJktgDm6,,,,,,approved,"2023-12-06 00:00:00",927,INR,41.715,,41.715,41.715,927,927,INR,2023-12-06,00:00:00
65df115d78bcc048df19ed66,65df115d78bcc048df19ed65,8,Myntra,csv_upload,XX,XX,XX,655c590c7746c16a12150895,"Old User",1253748-8032611-6055003,,l4nKiLxcI7O3iI0G0XPQ,,,,,,approved,"2023-12-06 00:00:00",917,INR,41.265,,41.265,41.265,917,917,INR,2023-12-06,00:00:00
65df115e78bcc048df19ed84,65df115e78bcc048df19ed83,8,Myntra,csv_upload,XX,XX,XX,655c590c7746c16a12150895,"Old User",1253748-8703136-0409103,,AGZdOMviQkfl02eb3gyX,,,,,,approved,"2023-12-06 00:00:00",927,INR,41.715,,41.715,41.715,927,927,INR,2023-12-06,00:00:00
65df115e78bcc048df19ed90,65df115e78bcc048df19ed8f,8,Myntra,csv_upload,XX,XX,XX,655c590c7746c16a12150895,"Old User",1253748-9139864-3851803,,eoJh9PBTlayjInFjom58,,,,,,approved,"2023-12-06 00:00:00",927,INR,41.715,,41.715,41.715,927,927,INR,2023-12-06,00:00:00
65df115f78bcc048df19eda5,65df115f78bcc048df19eda4,8,Myntra,csv_upload,XX,XX,XX,655c590c7746c16a12150895,"Old User",1253748-9801440-4893803,,N56Y7TsL6F2cqsCaSnjL,,,,,,approved,"2023-12-06 00:00:00",927,INR,41.715,,41.715,41.715,927,927,INR,2023-12-06,00:00:00
65df115f78bcc048df19eda8,65df115f78bcc048df19eda7,8,Myntra,csv_upload,XX,XX,XX,655c590c7746c16a12150895,"Old User",1253748-9931648-5461501,,ETUXTkS13Lu504D2fhhp,,,,,,approved,"2023-12-06 00:00:00",927,INR,41.715,,41.715,41.715,927,927,INR,2023-12-06,00:00:00
65df116078bcc048df19edb7,65df116078bcc048df19edb6,8,Myntra,csv_upload,XX,XX,XX,655c590c7746c16a12150895,"Old User",1253749-0352636-2804201,,ETUXTkS13Lu504D2fhhp,,,,,,approved,"2023-12-06 00:00:00",927,INR,41.715,,41.715,41.715,927,927,INR,2023-12-06,00:00:00
65df116178bcc048df19edcf,65df116178bcc048df19edce,8,Myntra,csv_upload,XX,XX,XX,655c590c7746c16a12150895,"Old User",1253749-1570508-0866403,,t1hbd1qajVxILGdrsAUF,,,,,,approved,"2023-12-06 00:00:00",927,INR,41.715,,41.715,41.715,927,927,INR,2023-12-06,00:00:00
65df116278bcc048df19edf3,65df116278bcc048df19edf2,8,Myntra,csv_upload,XX,XX,XX,655c590c7746c16a12150895,"Old User",1253749-2761400-0161001,,3HcpxOGXDQKixUr8VDQe,,,,,,approved,"2023-12-06 00:00:00",927,INR,41.715,,41.715,41.715,927,927,INR,2023-12-06,00:00:00
65df116678bcc048df19ee5c,65df116678bcc048df19ee5b,8,Myntra,csv_upload,XX,XX,XX,655c590c7746c16a12150895,"Old User",1253749-8511815-2003601,,10gbgE7dFVDTCUXdDIRB,,,,,,approved,"2023-12-06 00:00:00",927,INR,41.715,,41.715,41.715,927,927,INR,2023-12-06,00:00:00
65df116e78bcc048df19ef34,65df116e78bcc048df19ef33,8,Myntra,csv_upload,XX,XX,XX,655c58e5e2ae6d4a18742d03,"New User",1253756-0304705-4696403,,,,,,,,approved,"2023-12-06 00:00:00",2151.25,INR,193.613,,193.613,193.613,2151.25,2151.25,INR,2023-12-06,00:00:00
6602b30826ea3f50dc78fd17,6602b30826ea3f50dc78fd16,8,Myntra,csv_upload,XX,XX,XX,655c590c7746c16a12150895,"Old User",1253728-6222612-9934201,,6PkvqTRlJDOMbxnxcNHN,,,,,,approved,"2023-12-06 00:00:00",1914,INR,86.13,,86.13,86.13,1914,1914,INR,2023-12-06,00:00:00
6602b31726ea3f50dc78fe16,6602b31726ea3f50dc78fe15,8,Myntra,csv_upload,XX,XX,XX,655c590c7746c16a12150895,"Old User",1253749-4158697-0695603,,3HcpxOGXDQKixUr8VDQe,,,,,,approved,"2023-12-06 00:00:00",927,INR,41.715,,41.715,41.715,927,927,INR,2023-12-06,00:00:00
6602b4cad780f52287388efb,6602b4cad780f52287388efa,8,Myntra,csv_upload,XX,XX,XX,655c58e5e2ae6d4a18742d03,"New User",Mysc1039773260,,MMDmYeJ8DAz2uOdUKsqo,,,,,,rejected,"2023-12-06 00:00:00",408,INR,36.72,,36.72,36.72,408,408,INR,2023-12-06,00:00:00
65e967b6ba8d8f68da3019b1,65e967b6ba8d8f68da3019b0,8,Myntra,csv_upload,XX,XX,XX,655c590c7746c16a12150895,"Old User",1253834-8723943-7002503,,8DtYOC8vbc43odJq9ZnS,,,,,,rejected,"2023-12-07 00:00:00",719,INR,0,,0,0,719,719,INR,2023-12-07,00:00:00
6602b38ed780f52287387ad3,6602b38ed780f52287387ad2,8,Myntra,csv_upload,XX,XX,XX,655c58e5e2ae6d4a18742d03,"New User",1253835-3650553-2391403,,8DtYOC8vbc43odJq9ZnS,,,,,,rejected,"2023-12-07 00:00:00",440,INR,39.6,,39.6,39.6,440,440,INR,2023-12-07,00:00:00
657294c94c58f405384d9804,6557884ebc12b403452b1032,4,Flipkart,acquisition,IN,Ludhiana,"Netplus Broadband",,Default,84527129,,ayEt5mvNksmqqDNmVQ3w,263,hyyzo,,,mobile,approved,"2023-12-08 00:00:00",196,INR,2.7,34.77.11.122,2.7,2.7,196,196,INR,2023-12-08,00:00:00
657294c97fe1a5053ecc416f,6557884ebc12b403452b1032,4,Flipkart,acquisition,IN,Ludhiana,"Netplus Broadband",,Default,84527120,,ayEt5mvNksmqqDNmVQ3w,263,hyyzo,,,mobile,approved,"2023-12-08 00:00:00",196,INR,2.7,34.77.11.122,2.7,2.7,196,196,INR,2023-12-08,00:00:00
657294c9e8490404f317de44,6557884ebc12b403452b1032,4,Flipkart,acquisition,IN,Ludhiana,"Netplus Broadband",,Default,84527108,,ayEt5mvNksmqqDNmVQ3w,263,hyyzo,,,mobile,approved,"2023-12-08 00:00:00",9,INR,0,34.77.11.122,0,0,9,9,INR,2023-12-08,00:00:00
657294c92aa913050f66e364,6557884ebc12b403452b1032,4,Flipkart,acquisition,IN,Ludhiana,"Netplus Broadband",,Default,84527114,,ayEt5mvNksmqqDNmVQ3w,263,hyyzo,,,mobile,approved,"2023-12-08 00:00:00",196,INR,2.7,34.77.11.122,2.7,2.7,196,196,INR,2023-12-08,00:00:00
657294c9ef47ed05235b85ef,6557884ebc12b403452b1032,4,Flipkart,acquisition,IN,Ludhiana,"Netplus Broadband",,Default,84527079,,ayEt5mvNksmqqDNmVQ3w,263,hyyzo,,,mobile,approved,"2023-12-08 00:00:00",197,INR,2.7,34.77.11.122,2.7,2.7,197,197,INR,2023-12-08,00:00:00
657294c9552c0d0508ea279e,6557884ebc12b403452b1032,4,Flipkart,acquisition,IN,Ludhiana,"Netplus Broadband",,Default,84527097,,ayEt5mvNksmqqDNmVQ3w,263,hyyzo,,,mobile,approved,"2023-12-08 00:00:00",197,INR,2.7,34.77.11.122,2.7,2.7,197,197,INR,2023-12-08,00:00:00
657294c91a47f70522119d94,6557884ebc12b403452b1032,4,Flipkart,acquisition,IN,Ludhiana,"Netplus Broadband",,Default,84527115,,ayEt5mvNksmqqDNmVQ3w,263,hyyzo,,,mobile,approved,"2023-12-08 00:00:00",196,INR,2.7,34.77.11.122,2.7,2.7,196,196,INR,2023-12-08,00:00:00
657294c95027cb04a3424738,6557884ebc12b403452b1032,4,Flipkart,acquisition,IN,Ludhiana,"Netplus Broadband",,Default,84527087,,ayEt5mvNksmqqDNmVQ3w,263,hyyzo,,,mobile,approved,"2023-12-08 00:00:00",196,INR,2.7,34.77.11.122,2.7,2.7,196,196,INR,2023-12-08,00:00:00
65df0d6c78bcc048df199db0,65df0d6c78bcc048df199daf,8,Myntra,csv_upload,XX,XX,XX,655c590c7746c16a12150895,"Old User",1253855-3682677-6853001,,CvmwqkbRvVmxCH0pzAYM,222,,,,,approved,"2023-12-08 00:00:00",1491.759,INR,67.129,,67.129,67.129,1491.759,1491.759,INR,2023-12-08,00:00:00
65df0daa78bcc048df19a209,65df0daa78bcc048df19a208,8,Myntra,csv_upload,XX,XX,XX,655c590c7746c16a12150895,"Old User",1253876-0737848-3122701,,sOTaQQtZYVNIL0ZCHC1M,222,,,,,approved,"2023-12-08 00:00:00",669.134,INR,30.111,,30.111,30.111,669.134,669.134,INR,2023-12-08,00:00:00
65df0db778bcc048df19a302,65df0db778bcc048df19a301,8,Myntra,csv_upload,XX,XX,XX,655c590c7746c16a12150895,"Old User",1253886-9983806-3395601,,YKLkDsIHCD5Z1SHSKkkB,222,,,,,approved,"2023-12-08 00:00:00",1567.48,INR,70.537,,70.537,70.537,1567.48,1567.48,INR,2023-12-08,00:00:00
65df0e0878bcc048df19a89c,65df0e0878bcc048df19a89b,8,Myntra,csv_upload,XX,XX,XX,655c590c7746c16a12150895,"Old User",1253904-7793921-0689503,,ecl9nxjP2VOr5Gp2m25T,222,,,,,approved,"2023-12-08 00:00:00",2065,INR,92.925,,92.925,92.925,2065,2065,INR,2023-12-08,00:00:00
65df0e5478bcc048df19ade5,65df0e5478bcc048df19ade4,8,Myntra,csv_upload,XX,XX,XX,655c590c7746c16a12150895,"Old User",1253932-6080621-5784501,,JujvcsIjRrpbLpSPVl14,222,,,,,approved,"2023-12-08 00:00:00",1964,INR,88.38,,88.38,88.38,1964,1964,INR,2023-12-08,00:00:00
65df0e5b78bcc048df19ae4e,65df0e5b78bcc048df19ae4d,8,Myntra,csv_upload,XX,XX,XX,655c590c7746c16a12150895,"Old User",1253938-0061313-0042501,,d7q2XyReQ6N7gMbkk1eM,222,,,,,approved,"2023-12-08 00:00:00",3936,INR,177.12,,177.12,177.12,3936,3936,INR,2023-12-08,00:00:00
65df119d78bcc048df19f462,65df119d78bcc048df19f461,8,Myntra,csv_upload,XX,XX,XX,655c590c7746c16a12150895,"Old User",1253852-7828419-9165401,,4zYn1J974mjmnSNuY1Yv,,,,,,approved,"2023-12-08 00:00:00",4217,INR,189.765,,189.765,189.765,4217,4217,INR,2023-12-08,00:00:00
65df11a078bcc048df19f4bc,65df11a078bcc048df19f4bb,8,Myntra,csv_upload,XX,XX,XX,655c590c7746c16a12150895,"Old User",1253852-9688814-2054701,,sIFtYfG1RTGdyXY6qRcB,,,,,,approved,"2023-12-08 00:00:00",4217,INR,189.765,,189.765,189.765,4217,4217,INR,2023-12-08,00:00:00
65df11a378bcc048df19f507,65df11a378bcc048df19f506,8,Myntra,csv_upload,XX,XX,XX,655c590c7746c16a12150895,"Old User",1253853-1665668-2165901,,sIFtYfG1RTGdyXY6qRcB,,,,,,approved,"2023-12-08 00:00:00",3087.968,INR,138.959,,138.959,138.959,3087.968,3087.968,INR,2023-12-08,00:00:00
65df11af78bcc048df19f633,65df11af78bcc048df19f632,8,Myntra,csv_upload,XX,XX,XX,655c590c7746c16a12150895,"Old User",1253854-0841032-1700903,,LWNR1btuB8qYuqqAQgry,,,,,,approved,"2023-12-08 00:00:00",3290,INR,148.05,,148.05,148.05,3290,3290,INR,2023-12-08,00:00:00
65df11ce78bcc048df19f930,65df11ce78bcc048df19f92f,8,Myntra,csv_upload,XX,XX,XX,655c590c7746c16a12150895,"Old User",1253859-2382487-0861403,,513RMlSyQyP89MtkcvMe,,,,,,approved,"2023-12-08 00:00:00",4771,INR,214.695,,214.695,214.695,4771,4771,INR,2023-12-08,00:00:00
65df11db78bcc048df19fa7d,65df11db78bcc048df19fa7c,8,Myntra,csv_upload,XX,XX,XX,655c590c7746c16a12150895,"Old User",1253886-7592351-6414001,,sSKWpx1ky38Pkxk6cA9W,,,,,,approved,"2023-12-08 00:00:00",510,INR,22.95,,22.95,22.95,510,510,INR,2023-12-08,00:00:00
65df11db78bcc048df19fa8c,65df11db78bcc048df19fa8b,8,Myntra,csv_upload,XX,XX,XX,655c590c7746c16a12150895,"Old User",1253887-8593462-3056301,,NwUw4FrOVWCnBC9P0gVE,,,,,,approved,"2023-12-08 00:00:00",510,INR,22.95,,22.95,22.95,510,510,INR,2023-12-08,00:00:00
65df11dc78bcc048df19fa98,65df11dc78bcc048df19fa97,8,Myntra,csv_upload,XX,XX,XX,655c590c7746c16a12150895,"Old User",1253888-8031335-2601101,,T2oarfICgIGMak0Pk1kp,,,,,,approved,"2023-12-08 00:00:00",767,INR,34.515,,34.515,34.515,767,767,INR,2023-12-08,00:00:00
65df11ec78bcc048df19fc45,65df11ec78bcc048df19fc44,8,Myntra,csv_upload,XX,XX,XX,655c590c7746c16a12150895,"Old User",1253903-7425778-7807603,,3HNPnnge3ys2QP6i7znR,,,,,,approved,"2023-12-08 00:00:00",1430,INR,64.35,,64.35,64.35,1430,1430,INR,2023-12-08,00:00:00
65df11ed78bcc048df19fc63,65df11ed78bcc048df19fc62,8,Myntra,csv_upload,XX,XX,XX,655c590c7746c16a12150895,"Old User",1253904-6172305-0214003,,ecl9nxjP2VOr5Gp2m25T,,,,,,approved,"2023-12-08 00:00:00",1682,INR,75.69,,75.69,75.69,1682,1682,INR,2023-12-08,00:00:00
65df11ef78bcc048df19fc93,65df11ef78bcc048df19fc92,8,Myntra,csv_upload,XX,XX,XX,655c590c7746c16a12150895,"Old User",1253906-5197573-9988903,,cu9035uCy2J0CbXmSncp,,,,,,approved,"2023-12-08 00:00:00",1234,INR,55.53,,55.53,55.53,1234,1234,INR,2023-12-08,00:00:00
65e966b9ba8d8f68da3005fe,65e966b9ba8d8f68da3005fd,8,Myntra,csv_upload,XX,XX,XX,655c590c7746c16a12150895,"Old User",1253927-0659393-7608803,,RULl5A0MSWrv94J52TAe,,,,,,rejected,"2023-12-08 00:00:00",171,INR,0,,0,0,171,171,INR,2023-12-08,00:00:00
65e967d2ba8d8f68da301beb,65e967d2ba8d8f68da301bea,8,Myntra,csv_upload,XX,XX,XX,655c590c7746c16a12150895,"Old User",1253866-2264154-8761403,,wYkOEv3QyMQA4X7kH2oE,,,,,,rejected,"2023-12-08 00:00:00",742,INR,0,,0,0,742,742,INR,2023-12-08,00:00:00
6602b313d780f52287387302,6602b313d780f52287387301,8,Myntra,csv_upload,XX,XX,XX,655c590c7746c16a12150895,"Old User",1253852-3716125-5883603,,esbbSF5fxB6MATBnEb1L,,,,,,rejected,"2023-12-08 00:00:00",4519,INR,10.168,,10.168,10.168,4519,4519,INR,2023-12-08,00:00:00
6602b329d780f5228738746d,6602b329d780f5228738746c,8,Myntra,csv_upload,XX,XX,XX,655c590c7746c16a12150895,"Old User",1253926-1740273-5234301,,Xt717Su5UJnuwhCkhj8w,,,,,,rejected,"2023-12-08 00:00:00",3619,INR,8.143,,8.143,8.143,3619,3619,INR,2023-12-08,00:00:00
6602b4cad780f52287388efe,6602b4cad780f52287388efd,8,Myntra,csv_upload,XX,XX,XX,655c58e5e2ae6d4a18742d03,"New User",1253978-10462570828303,,hyyzo,,,,,,rejected,"2023-12-08 00:00:00",4302,INR,387.18,,387.18,387.18,4302,4302,INR,2023-12-08,00:00:00
6602b4cbd780f52287388f0d,6602b4cbd780f52287388f0c,8,Myntra,csv_upload,XX,XX,XX,655c58e5e2ae6d4a18742d03,"New User",1253978-85770910236203,,hyyzo,,,,,,rejected,"2023-12-08 00:00:00",3465,INR,311.85,,311.85,311.85,3465,3465,INR,2023-12-08,00:00:00
6602b4ccd780f52287388f1f,6602b4ccd780f52287388f1e,8,Myntra,csv_upload,XX,XX,XX,655c58e5e2ae6d4a18742d03,"New User","1253888 80313352601101",,EHy0dcK1f8TYOEz1pkZJ,,,,,,rejected,"2023-12-08 00:00:00",767,INR,69.03,,69.03,69.03,767,767,INR,2023-12-08,00:00:00
6602b4cdd780f52287388f25,6602b4cdd780f52287388f24,8,Myntra,csv_upload,XX,XX,XX,655c58e5e2ae6d4a18742d03,"New User",1253876-07378483000000,,RR0L3R4njbAGJy6vN6WN,,,,,,rejected,"2023-12-08 00:00:00",1202,INR,108.18,,108.18,108.18,1202,1202,INR,2023-12-08,00:00:00
65df0e8b78bcc048df19b1a8,65df0e8b78bcc048df19b1a7,8,Myntra,csv_upload,XX,XX,XX,655c590c7746c16a12150895,"Old User",1253941-1753168-8091101,,kFMuQ5r6p0EIOFo5rD7F,222,,,,,approved,"2023-12-09 00:00:00",5120,INR,230.4,,230.4,230.4,5120,5120,INR,2023-12-09,00:00:00
65df0e9978bcc048df19b2cb,65df0e9978bcc048df19b2ca,8,Myntra,csv_upload,XX,XX,XX,655c58e5e2ae6d4a18742d03,"New User",1253942-6341549-7371703,,BM8EbY65lwYW39Hw5N33,222,,,,,approved,"2023-12-09 00:00:00",1975,INR,177.75,,177.75,177.75,1975,1975,INR,2023-12-09,00:00:00
65df0f1478bcc048df19bc37,65df0f1478bcc048df19bc36,8,Myntra,csv_upload,XX,XX,XX,655c590c7746c16a12150895,"Old User",1253991-2075443-6795803,,D6firl0DOeeno6J6s4bm,222,,,,,approved,"2023-12-09 00:00:00",600,INR,27,,27,27,600,600,INR,2023-12-09,00:00:00
65df0f1678bcc048df19bc5e,65df0f1678bcc048df19bc5d,8,Myntra,csv_upload,XX,XX,XX,655c590c7746c16a12150895,"Old User",1253992-1863665-2544601,,wMlRVQCtP8WhT4hHGiR3,222,,,,,approved,"2023-12-09 00:00:00",264.488,INR,11.902,,11.902,11.902,264.488,264.488,INR,2023-12-09,00:00:00
65df0f2678bcc048df19bdc3,65df0f2678bcc048df19bdc2,8,Myntra,csv_upload,XX,XX,XX,655c590c7746c16a12150895,"Old User",1254000-7812621-0228601,,p9o0Tp2b7jVKkP0HIEDd,222,,,,,approved,"2023-12-09 00:00:00",2319.99,INR,104.4,,104.4,104.4,2319.99,2319.99,INR,2023-12-09,00:00:00
65df0f3478bcc048df19bedd,65df0f3478bcc048df19bedc,8,Myntra,csv_upload,XX,XX,XX,655c590c7746c16a12150895,"Old User",1254009-1118088-9737101,,3Qths8nPS1WUPXSCOSwM,222,,,,,approved,"2023-12-09 00:00:00",2930,INR,131.85,,131.85,131.85,2930,2930,INR,2023-12-09,00:00:00
65df0f3d78bcc048df19bfa0,65df0f3d78bcc048df19bf9f,8,Myntra,csv_upload,XX,XX,XX,655c590c7746c16a12150895,"Old User",1254013-6720978-4308401,,v5rC1nBfDD3cN7GP0yFL,222,,,,,approved,"2023-12-09 00:00:00",1107,INR,49.815,,49.815,49.815,1107,1107,INR,2023-12-09,00:00:00
65df0f4778bcc048df19c069,65df0f4778bcc048df19c068,8,Myntra,csv_upload,XX,XX,XX,655c58e5e2ae6d4a18742d03,"New User",1254016-9757430-1489103,,,,,,,,approved,"2023-12-09 00:00:00",2019,INR,181.71,,181.71,181.71,2019,2019,INR,2023-12-09,00:00:00
65df121178bcc048df1a002f,65df121178bcc048df1a002e,8,Myntra,csv_upload,XX,XX,XX,655c58e5e2ae6d4a18742d03,"New User",1253939-2441268-7551503,,oP3DyUMaJ7UYpILThwog,,,,,,approved,"2023-12-09 00:00:00",1959.06,INR,176.315,,176.315,176.315,1959.06,1959.06,INR,2023-12-09,00:00:00
65df122378bcc048df1a01f7,65df122378bcc048df1a01f6,8,Myntra,csv_upload,XX,XX,XX,655c58e5e2ae6d4a18742d03,"New User",1253941-8579865-9980501,,G0Jc8wnW4ACYZVyhp4EH,,,,,,approved,"2023-12-09 00:00:00",4270,INR,384.3,,384.3,384.3,4270,4270,INR,2023-12-09,00:00:00
65df122978bcc048df1a028a,65df122978bcc048df1a0289,8,Myntra,csv_upload,XX,XX,XX,655c590c7746c16a12150895,"Old User",1253943-1326815-4411703,,ylOWqZeCgnIoek7m5h7j,,,,,,approved,"2023-12-09 00:00:00",4035,INR,181.575,,181.575,181.575,4035,4035,INR,2023-12-09,00:00:00
65df122a78bcc048df1a02b7,65df122a78bcc048df1a02b6,8,Myntra,csv_upload,XX,XX,XX,655c590c7746c16a12150895,"Old User",1253943-4378034-5702001,,dcCwb86Oy5rIHF7slqJO,,,,,,approved,"2023-12-09 00:00:00",4970,INR,223.65,,223.65,223.65,4970,4970,INR,2023-12-09,00:00:00
65df122b78bcc048df1a02d2,65df122b78bcc048df1a02d1,8,Myntra,csv_upload,XX,XX,XX,655c58e5e2ae6d4a18742d03,"New User",1253943-6772934-8919901,,5txMq4TDvkOoFPlxFys8,,,,,,approved,"2023-12-09 00:00:00",1668,INR,150.12,,150.12,150.12,1668,1668,INR,2023-12-09,00:00:00
65df125178bcc048df1a05ed,65df125178bcc048df1a05ec,8,Myntra,csv_upload,XX,XX,XX,655c590c7746c16a12150895,"Old User",1253978-8577091-0236203,,B5jAZrHkz0u4Dx88048E,,,,,,approved,"2023-12-09 00:00:00",3850,INR,173.25,,173.25,173.25,3850,3850,INR,2023-12-09,00:00:00
65df127778bcc048df1a08ed,65df127778bcc048df1a08ec,8,Myntra,csv_upload,XX,XX,XX,655c590c7746c16a12150895,"Old User",1253994-3593852-8426703,,eRzrn7r6bcC9LNnY1NJD,,,,,,approved,"2023-12-09 00:00:00",4620.01,INR,207.9,,207.9,207.9,4620.01,4620.01,INR,2023-12-09,00:00:00
65df128678bcc048df1a0a07,65df128678bcc048df1a0a06,8,Myntra,csv_upload,XX,XX,XX,655c590c7746c16a12150895,"Old User",1254004-9292800-9239403,,GLjvcbASU8dGyObPy5ib,,,,,,approved,"2023-12-09 00:00:00",2930,INR,131.85,,131.85,131.85,2930,2930,INR,2023-12-09,00:00:00
65df129978bcc048df1a0b7b,65df129978bcc048df1a0b7a,8,Myntra,csv_upload,XX,XX,XX,655c590c7746c16a12150895,"Old User",1254016-3739686-2646203,,B5jAZrHkz0u4Dx88048E,,,,,,approved,"2023-12-09 00:00:00",4456.902,INR,200.561,,200.561,200.561,4456.902,4456.902,INR,2023-12-09,00:00:00
65e966eeba8d8f68da300a60,65e966eeba8d8f68da300a5f,8,Myntra,csv_upload,XX,XX,XX,655c590c7746c16a12150895,"Old User",1254001-8139525-1703603,,TKeYDElNmeXUaeIYaxiY,,,,,,rejected,"2023-12-09 00:00:00",319.676,INR,0,,0,0,319.676,319.676,INR,2023-12-09,00:00:00
65e967f9ba8d8f68da301f33,65e967f9ba8d8f68da301f32,8,Myntra,csv_upload,XX,XX,XX,655c590c7746c16a12150895,"Old User",1253948-8537233-3646101,,ccqr299Zpp6whOt22CQV,,,,,,rejected,"2023-12-09 00:00:00",1087.54,INR,0,,0,0,1087.54,1087.54,INR,2023-12-09,00:00:00
65e96800ba8d8f68da301fd8,65e96800ba8d8f68da301fd7,8,Myntra,csv_upload,XX,XX,XX,655c58e5e2ae6d4a18742d03,"New User",1253972-7863026-4029003,,m4EhfzxNWC7DP1ERq1x2,,,,,,rejected,"2023-12-09 00:00:00",201,INR,0,,0,0,201,201,INR,2023-12-09,00:00:00
6602b340d780f52287387611,6602b340d780f52287387610,8,Myntra,csv_upload,XX,XX,XX,655c590c7746c16a12150895,"Old User",1253973-9057651-3859901,,yCd5TPXH9EYMz13WDhJM,,,,,,rejected,"2023-12-09 00:00:00",659,INR,1.483,,1.483,1.483,659,659,INR,2023-12-09,00:00:00
6602b34fd780f52287387710,6602b34fd780f5228738770f,8,Myntra,csv_upload,XX,XX,XX,655c590c7746c16a12150895,"Old User",1254023-7019715-3071201,,JcLhjWPKszHO1qQg2ng8,,,,,,rejected,"2023-12-09 00:00:00",2719,INR,6.118,,6.118,6.118,2719,2719,INR,2023-12-09,00:00:00
6602b4cad780f52287388f04,6602b4cad780f52287388f03,8,Myntra,csv_upload,XX,XX,XX,655c58e5e2ae6d4a18742d03,"New User",1253942-63415497371703,,hyyzo,,,,,,rejected,"2023-12-09 00:00:00",2130,INR,191.7,,191.7,191.7,2130,2130,INR,2023-12-09,00:00:00
6602b4cbd780f52287388f10,6602b4cbd780f52287388f0f,8,Myntra,csv_upload,XX,XX,XX,655c58e5e2ae6d4a18742d03,"New User",1254016-37396862646203,,hyyzo,,,,,,rejected,"2023-12-09 00:00:00",7359,INR,662.31,,662.31,662.31,7359,7359,INR,2023-12-09,00:00:00
6602b4ccd780f52287388f16,6602b4ccd780f52287388f15,8,Myntra,csv_upload,XX,XX,XX,655c58e5e2ae6d4a18742d03,"New User",1253943-67729348919901,,hyyzo,,,,,,rejected,"2023-12-09 00:00:00",2628,INR,236.52,,236.52,236.52,2628,2628,INR,2023-12-09,00:00:00
6602b4ccd780f52287388f19,6602b4ccd780f52287388f18,8,Myntra,csv_upload,XX,XX,XX,655c58e5e2ae6d4a18742d03,"New User",1253943-13268154411703,,hyyzo,,,,,,rejected,"2023-12-09 00:00:00",4190,INR,377.1,,377.1,377.1,4190,4190,INR,2023-12-09,00:00:00
6602b4ccd780f52287388f1c,6602b4ccd780f52287388f1b,8,Myntra,csv_upload,XX,XX,XX,655c58e5e2ae6d4a18742d03,"New User",1253941-85798659980501,,hyyzo,,,,,,rejected,"2023-12-09 00:00:00",4270,INR,384.3,,384.3,384.3,4270,4270,INR,2023-12-09,00:00:00
65df0f5578bcc048df19c171,65df0f5578bcc048df19c170,8,Myntra,csv_upload,XX,XX,XX,655c590c7746c16a12150895,"Old User",1254025-2405386-4182103,,4wTfyjOSdBnGAiIKYxMu,222,,,,,approved,"2023-12-10 00:00:00",565,INR,25.425,,25.425,25.425,565,565,INR,2023-12-10,00:00:00
65df0f7278bcc048df19c3ae,65df0f7278bcc048df19c3ad,8,Myntra,csv_upload,XX,XX,XX,655c58e5e2ae6d4a18742d03,"New User",1254058-1481279-3684703,,,,,,,,approved,"2023-12-10 00:00:00",1235,INR,111.15,,111.15,111.15,1235,1235,INR,2023-12-10,00:00:00
65df0f7278bcc048df19c3b1,65df0f7278bcc048df19c3b0,8,Myntra,csv_upload,XX,XX,XX,655c590c7746c16a12150895,"Old User",1254059-1037420-5631403,,c64eCzXM2XLfjH4UeB7s,222,,,,,approved,"2023-12-10 00:00:00",608,INR,27.36,,27.36,27.36,608,608,INR,2023-12-10,00:00:00
65df0fae78bcc048df19c885,65df0fae78bcc048df19c884,8,Myntra,csv_upload,XX,XX,XX,655c590c7746c16a12150895,"Old User",1254104-2834086-1764201,,khmf3GAhWazAAylAWvQ2,222,,,,,approved,"2023-12-10 00:00:00",1289,INR,58.005,,58.005,58.005,1289,1289,INR,2023-12-10,00:00:00
65e966f4ba8d8f68da300ad2,65e966f4ba8d8f68da300ad1,8,Myntra,csv_upload,XX,XX,XX,655c58e5e2ae6d4a18742d03,"New User",1254026-7213518-0233003,,,,,,,,rejected,"2023-12-10 00:00:00",1679,INR,0,,0,0,1679,1679,INR,2023-12-10,00:00:00
65e96830ba8d8f68da3023ad,65e96830ba8d8f68da3023ac,8,Myntra,csv_upload,XX,XX,XX,655c590c7746c16a12150895,"Old User",1254026-9137566-6730401,,,,,,,,rejected,"2023-12-10 00:00:00",1511,INR,0,,0,0,1511,1511,INR,2023-12-10,00:00:00
65e96831ba8d8f68da3023c8,65e96831ba8d8f68da3023c7,8,Myntra,csv_upload,XX,XX,XX,655c590c7746c16a12150895,"Old User",1254028-3849053-2217701,,,,,,,,rejected,"2023-12-10 00:00:00",1511,INR,0,,0,0,1511,1511,INR,2023-12-10,00:00:00
65e96832ba8d8f68da3023e0,65e96832ba8d8f68da3023df,8,Myntra,csv_upload,XX,XX,XX,655c590c7746c16a12150895,"Old User",1254032-7813299-6899903,,nWRtH3rdsLJpCAXf53ha,,,,,,rejected,"2023-12-10 00:00:00",481,INR,0,,0,0,481,481,INR,2023-12-10,00:00:00
6602b33726ea3f50dc790035,6602b33726ea3f50dc790034,8,Myntra,csv_upload,XX,XX,XX,655c58e5e2ae6d4a18742d03,"New User",1254086-0065592-6648703,,,,,,,,approved,"2023-12-10 00:00:00",1429,INR,128.61,,128.61,128.61,1429,1429,INR,2023-12-10,00:00:00
65df0fd178bcc048df19cb46,65df0fd178bcc048df19cb45,8,Myntra,csv_upload,XX,XX,XX,655c590c7746c16a12150895,"Old User",1254186-9417440-6216303,,,,,,,,approved,"2023-12-11 00:00:00",1004,INR,45.18,,45.18,45.18,1004,1004,INR,2023-12-11,00:00:00
65df133278bcc048df1a16d9,65df133178bcc048df1a16d8,8,Myntra,csv_upload,XX,XX,XX,655c590c7746c16a12150895,"Old User",1254176-3950189-5572001,,khmf3GAhWazAAylAWvQ2,,,,,,approved,"2023-12-11 00:00:00",505.333,INR,22.74,,22.74,22.74,505.333,505.333,INR,2023-12-11,00:00:00
65df138778bcc048df1a1d09,65df138778bcc048df1a1d08,8,Myntra,csv_upload,XX,XX,XX,655c590c7746c16a12150895,"Old User",1254276-4791315-1111001,,,,,,,,approved,"2023-12-12 00:00:00",3780,INR,170.1,,170.1,170.1,3780,3780,INR,2023-12-12,00:00:00
65e96969ba8d8f68da303d30,65e96969ba8d8f68da303d2f,8,Myntra,csv_upload,XX,XX,XX,655c590c7746c16a12150895,"Old User",1254358-2141221-8480503,,,,,,,,rejected,"2023-12-13 00:00:00",464,INR,0,,0,0,464,464,INR,2023-12-13,00:00:00
6602b4cbd780f52287388f07,6602b4cbd780f52287388f06,8,Myntra,csv_upload,XX,XX,XX,655c58e5e2ae6d4a18742d03,"New User",1254377-28744987850501,,hyyzo,,,,,,rejected,"2023-12-13 00:00:00",3805,INR,342.45,,342.45,342.45,3805,3805,INR,2023-12-13,00:00:00
6602b578d780f52287389acb,6602b578d780f52287389aca,8,Myntra,csv_upload,XX,XX,XX,655c58e5e2ae6d4a18742d03,"New User",1254358-2141221-8480503,,,,,,,,rejected,"2023-12-13 00:00:00",464,INR,41.76,,41.76,41.76,464,464,INR,2023-12-13,00:00:00
65e968a2ba8d8f68da302c95,65e968a2ba8d8f68da302c94,8,Myntra,csv_upload,XX,XX,XX,655c590c7746c16a12150895,"Old User",1254416-7130501-3491003,,,,,,,,rejected,"2023-12-14 00:00:00",1446,INR,0,,0,0,1446,1446,INR,2023-12-14,00:00:00
65e96974ba8d8f68da303e08,65e96974ba8d8f68da303e07,8,Myntra,csv_upload,XX,XX,XX,655c590c7746c16a12150895,"Old User",1254431-1028044-9548003,,,,,,,,rejected,"2023-12-14 00:00:00",338,INR,0,,0,0,338,338,INR,2023-12-14,00:00:00
6602b5ead780f5228738a2c3,6602b5ead780f5228738a2c2,8,Myntra,csv_upload,XX,XX,XX,655c58e5e2ae6d4a18742d03,"New User",1254431-1028044-9548003,,,,,,,,rejected,"2023-12-14 00:00:00",338,INR,30.42,,30.42,30.42,338,338,INR,2023-12-14,00:00:00
65df14c478bcc048df1a33ef,65df14c478bcc048df1a33ee,8,Myntra,csv_upload,XX,XX,XX,655c58e5e2ae6d4a18742d03,"New User",1254538-1165761-2801503,,,,,,,,approved,"2023-12-15 00:00:00",235,INR,21.15,,21.15,21.15,235,235,INR,2023-12-15,00:00:00
6602b35e26ea3f50dc7902a2,6602b35e26ea3f50dc7902a1,8,Myntra,csv_upload,XX,XX,XX,655c58e5e2ae6d4a18742d03,"New User",1254498-8868265-9795201,,,,,,,,approved,"2023-12-15 00:00:00",1002,INR,90.18,,90.18,90.18,1002,1002,INR,2023-12-15,00:00:00
657d6e73ab8a860500966221,657d6e3b4b597a034938731c,68,mCaffeine,acquisition,IN,Jaipur,Jio,,Default,MCaff3364728,,XLoUik3FdBD0mRH4oL01,280,hyyzo,,,desktop,approved,"2023-12-16 00:00:00",328,INR,59.04,35.240.15.55,59.04,59.04,328,328,INR,2023-12-16,00:00:00
6602b3e2d780f52287388025,6602b3e2d780f52287388024,8,Myntra,csv_upload,XX,XX,XX,655c58e5e2ae6d4a18742d03,"New User",1254588-2744744-2780203,,,,,,,,rejected,"2023-12-16 00:00:00",3178,INR,286.02,,286.02,286.02,3178,3178,INR,2023-12-16,00:00:00
6602b4cbd780f52287388f0a,6602b4cbd780f52287388f09,8,Myntra,csv_upload,XX,XX,XX,655c58e5e2ae6d4a18742d03,"New User",1254615-78883649405901,,hyyzo,,,,,,rejected,"2023-12-16 00:00:00",5978,INR,538.02,,538.02,538.02,5978,5978,INR,2023-12-16,00:00:00
657ed8b5d1336604f468096d,657ed87a6efec2035258da24,188,Zupee,acquisition,IN,Lucknow,Jio,,Default,,,IHmKLwytKS4geYzjJOWt,,,,,mobile,rejected,"2023-12-17 00:00:00",0,INR,0,185.151.206.70,0,0,0,0,INR,2023-12-17,00:00:00
65df160e78bcc048df1a4dcc,65df160e78bcc048df1a4dcb,8,Myntra,csv_upload,XX,XX,XX,655c590c7746c16a12150895,"Old User",1254635-9493865-4753803,,,,,,,,approved,"2023-12-17 00:00:00",1930,INR,86.85,,86.85,86.85,1930,1930,INR,2023-12-17,00:00:00
6602b4c9d780f52287388ef8,6602b4c9d780f52287388ef7,8,Myntra,csv_upload,XX,XX,XX,655c58e5e2ae6d4a18742d03,"New User",1254700-58845434937201,,hyyzo,,,,,,rejected,"2023-12-17 00:00:00",8055,INR,724.95,,724.95,724.95,8055,8055,INR,2023-12-17,00:00:00
657fd5e4d28ee604b45c9b39,657fd589c773a40349a8ce43,188,Zupee,acquisition,IN,Bengaluru,Airtel,,Default,,,4OzKwpCmG67e1DQ2zPCd,,,,,mobile,rejected,"2023-12-18 00:00:00",0,INR,0,23.19.51.162,0,0,0,0,INR,2023-12-18,00:00:00
657fd5eb960b620496d6be09,657fd589c773a40349a8ce43,188,Zupee,acquisition,IN,Bengaluru,Airtel,654a2160464b8a320d75aa38,Signup,,,4OzKwpCmG67e1DQ2zPCd,,,,,mobile,approved,"2023-12-18 00:00:00",0,INR,10,23.19.51.97,10,10,0,0,INR,2023-12-18,00:00:00
6602b48cd780f52287388af6,6602b48cd780f52287388af5,8,Myntra,csv_upload,XX,XX,XX,655c58e5e2ae6d4a18742d03,"New User",1254980-5135698-8728503,,,,,,,,rejected,"2023-12-21 00:00:00",1429,INR,128.61,,128.61,128.61,1429,1429,INR,2023-12-21,00:00:00
65865b0f06f56005158a9ac7,6586397924960b0343298169,188,Zupee,acquisition,IN,Chandigarh,Jio,,Default,,,RIKle7ZMrekB0KXUQdYe,,,,,mobile,rejected,"2023-12-23 00:00:00",0,INR,0,23.19.51.102,0,0,0,0,INR,2023-12-23,00:00:00
65865b2dbdb42e052ad77528,6586397924960b0343298169,188,Zupee,acquisition,IN,Chandigarh,Jio,654a2160464b8a320d75aa38,Signup,,,RIKle7ZMrekB0KXUQdYe,,,,,mobile,approved,"2023-12-23 00:00:00",0,INR,10,23.19.51.131,10,10,0,0,INR,2023-12-23,00:00:00
6586b84301c20e07523b53f7,6586397924960b0343298169,188,Zupee,acquisition,IN,Chandigarh,Jio,654dcc2253a5b3664b05a1d2,Deposit,,,RIKle7ZMrekB0KXUQdYe,,,,,mobile,rejected,"2023-12-23 00:00:00",0,INR,0,23.19.51.103,0,0,0,0,INR,2023-12-23,00:00:00
6586cfb506f5600515ac1686,6586ce48b0318a034247847d,188,Zupee,acquisition,IN,Patna,"Star Prime Broadband Pvt Ltd",,Default,,,ByZgQwzFS87OzHeHImAa,,,,,mobile,rejected,"2023-12-23 00:00:00",0,INR,0,185.151.206.162,0,0,0,0,INR,2023-12-23,00:00:00
65e96936ba8d8f68da3038e3,65e96936ba8d8f68da3038e2,8,Myntra,csv_upload,XX,XX,XX,655c590c7746c16a12150895,"Old User",1255220-5697116-4537603,,,,,,,,rejected,"2023-12-23 00:00:00",559,INR,0,,0,0,559,559,INR,2023-12-23,00:00:00
65e96936ba8d8f68da3038e6,65e96936ba8d8f68da3038e5,8,Myntra,csv_upload,XX,XX,XX,655c58e5e2ae6d4a18742d03,"New User",1255221-0312110-0007303,,,,,,,,rejected,"2023-12-23 00:00:00",939,INR,0,,0,0,939,939,INR,2023-12-23,00:00:00
65e9693aba8d8f68da303949,65e9693aba8d8f68da303948,8,Myntra,csv_upload,XX,XX,XX,655c58e5e2ae6d4a18742d03,"New User",1255292-6714722-5377703,,,,,,,,rejected,"2023-12-24 00:00:00",1374,INR,0,,0,0,1374,1374,INR,2023-12-24,00:00:00
65e9693cba8d8f68da303961,65e9693cba8d8f68da303960,8,Myntra,csv_upload,XX,XX,XX,655c590c7746c16a12150895,"Old User",1255304-2069892-6536303,,,,,,,,rejected,"2023-12-24 00:00:00",1099,INR,0,,0,0,1099,1099,INR,2023-12-24,00:00:00
65e9693dba8d8f68da30398b,65e9693dba8d8f68da30398a,8,Myntra,csv_upload,XX,XX,XX,655c58e5e2ae6d4a18742d03,"New User",1255350-4165593-6894303,,,,,,,,rejected,"2023-12-25 00:00:00",1774,INR,0,,0,0,1774,1774,INR,2023-12-25,00:00:00
658c443394df9504c0d4be2d,658c439b8b78b0034adde68f,188,Zupee,acquisition,IN,Mumbai,"D-Vois Broadband Pvt",,Default,,,hZr5MqucHnY3V8xqCXI8,,,,,mobile,rejected,"2023-12-27 00:00:00",0,INR,0,185.151.206.68,0,0,0,0,INR,2023-12-27,00:00:00
658c44c025a20404b7536290,658c439b8b78b0034adde68f,188,Zupee,acquisition,IN,Mumbai,"D-Vois Broadband Pvt",654a2160464b8a320d75aa38,Signup,,,hZr5MqucHnY3V8xqCXI8,,,,,mobile,approved,"2023-12-27 00:00:00",0,INR,10,185.151.206.7,10,10,0,0,INR,2023-12-27,00:00:00
65eede296feac458182d183e,65eede296feac458182d183d,70,"Koparo Clean",csv_upload,XX,XX,XX,,Default,98539481,,uE4sPyBz6bRmsP1tzzkG,,,,,,rejected,"2023-12-27 00:00:00",742.4,INR,400.896,,400.896,400.896,742.4,742.4,INR,2023-12-27,00:00:00
658d724b7fbdb604a26d5de8,658d7136e6916103460b8ad8,48,Pepperfry,pixel,IN,Jaipur,Excitel,,Default,309449561,,FDN39QAoMtAYLVhJY1c6,9121de7d,,,,desktop,approved,"2023-12-28 00:00:00",369,INR,19.926,110.235.219.59,19.926,19.926,369,369,INR,2023-12-28,00:00:00
658e52713c2a69051bbe5e44,658e5230999422034181c4dc,188,Zupee,acquisition,IN,Jaipur,Jio,,Default,,,RvYZ8rRLML1spA8NAthy,,,,,mobile,rejected,"2023-12-29 00:00:00",0,INR,0,23.19.51.105,0,0,0,0,INR,2023-12-29,00:00:00
658e528964524a04fbb57f6f,658e5230999422034181c4dc,188,Zupee,acquisition,IN,Jaipur,Jio,654a2160464b8a320d75aa38,Signup,,,RvYZ8rRLML1spA8NAthy,,,,,mobile,approved,"2023-12-29 00:00:00",0,INR,10,23.19.51.98,10,10,0,0,INR,2023-12-29,00:00:00
65df1a8078bcc048df1aa5aa,65df1a8078bcc048df1aa5a9,8,Myntra,csv_upload,XX,XX,XX,655c58e5e2ae6d4a18742d03,"New User",1255795-8377221-7463601,,,,,,,,approved,"2023-12-30 00:00:00",1756,INR,158.04,,158.04,158.04,1756,1756,INR,2023-12-30,00:00:00
65906e7a7038f524d481c792,65906e21cd72960342868e45,188,Zupee,acquisition,IN,Jaipur,Jio,,Default,,,NPngxPaUcttqtxTvk4hQ,,,,,mobile,rejected,"2023-12-31 00:00:00",0,INR,0,86.48.45.137,0,0,0,0,INR,2023-12-31,00:00:00
65df1aa278bcc048df1aa82f,65df1aa278bcc048df1aa82e,8,Myntra,csv_upload,XX,XX,XX,655c590c7746c16a12150895,"Old User",1255899-5690461-0877501,,,,,,,,approved,"2023-12-31 00:00:00",860,INR,38.7,,38.7,38.7,860,860,INR,2023-12-31,00:00:00
65945333149bfc04b72ae962,659452becd72960347fc6195,68,mCaffeine,acquisition,IN,Hyderabad,Airtel,,Default,MCaff3430319,,6SSZIn3yEZP7m0EuStiz,280,hyyzo,,,desktop,rejected,"2024-01-02 00:00:00",231,INR,39.27,35.240.36.66,39.27,39.27,231,231,INR,2024-01-02,00:00:00
65bcf80c3c349a4a6d631947,65bcf80c3c349a4a6d631946,8,Myntra,csv_upload,XX,XX,XX,,Default,1256461-9755057-1170201,,,,,,,,rejected,"2024-01-07 00:00:00",1430,INR,64.35,,64.35,64.35,1430,1430,INR,2024-01-07,00:00:00
659bdc424c5a4004f15dbf92,659bdbf4e359db034348b5b5,48,Pepperfry,pixel,IN,Jaipur,Excitel,,Default,309474767,,9B99n483pXQ5EulHDWSn,283,hyyzo,,,desktop,approved,"2024-01-08 00:00:00",299,INR,16.146,110.235.219.116,16.146,16.146,299,299,INR,2024-01-08,00:00:00
65a0e16514d37804ccec5b88,65a0e027a3ce960346bf65ba,48,Pepperfry,pixel,IN,Jaipur,Excitel,,Default,309481265,,ufyL1duanYN5AS1CgHWK,9121de7d,,,,desktop,approved,"2024-01-12 00:00:00",99,INR,5.346,110.235.219.71,5.346,5.346,99,99,INR,2024-01-12,00:00:00
65fd417b1617123bd20ae059,65fd417b1617123bd20ae058,277,Samsung,csv_upload,XX,XX,XX,,Default,12501651375,,9JfxRvswsJkdkcuJwgum,9JfxRvswsJkdkcuJwgum,,,,,approved,"2024-01-13 00:00:00",10581.5,INR,259.247,,259.247,259.247,10581.5,10581.5,INR,2024-01-13,00:00:00
65fd41cb1617123bd20ae57b,65fd41cb1617123bd20ae57a,277,Samsung,csv_upload,XX,XX,XX,,Default,12100206143,,bBo1ehQBc1c6m3Q57Ocl,bBo1ehQBc1c6m3Q57Ocl,,,,,rejected,"2024-01-13 00:00:00",20999,INR,0,,0,0,20999,20999,INR,2024-01-13,00:00:00
65fd41491617123bd20adc81,65fd41491617123bd20adc80,277,Samsung,csv_upload,XX,XX,XX,,Default,12304848376,,9JfxRvswsJkdkcuJwgum,9JfxRvswsJkdkcuJwgum,,,,,approved,"2024-01-14 00:00:00",11390.5,INR,279.067,,279.067,279.067,11390.5,11390.5,INR,2024-01-14,00:00:00
65fd41491617123bd20adc8a,65fd41491617123bd20adc89,277,Samsung,csv_upload,XX,XX,XX,,Default,12336071146,,9JfxRvswsJkdkcuJwgum,9JfxRvswsJkdkcuJwgum,,,,,approved,"2024-01-14 00:00:00",11390.5,INR,279.067,,279.067,279.067,11390.5,11390.5,INR,2024-01-14,00:00:00
65fd414a1617123bd20adc90,65fd414a1617123bd20adc8f,277,Samsung,csv_upload,XX,XX,XX,,Default,12009636776,,9JfxRvswsJkdkcuJwgum,9JfxRvswsJkdkcuJwgum,,,,,approved,"2024-01-14 00:00:00",10818.5,INR,265.053,,265.053,265.053,10818.5,10818.5,INR,2024-01-14,00:00:00
65fd414a1617123bd20adc93,65fd414a1617123bd20adc92,277,Samsung,csv_upload,XX,XX,XX,,Default,12158983975,,9JfxRvswsJkdkcuJwgum,9JfxRvswsJkdkcuJwgum,,,,,approved,"2024-01-14 00:00:00",11390.5,INR,279.067,,279.067,279.067,11390.5,11390.5,INR,2024-01-14,00:00:00
65fd417c1617123bd20ae074,65fd417c1617123bd20ae073,277,Samsung,csv_upload,XX,XX,XX,,Default,12568601783,,9JfxRvswsJkdkcuJwgum,9JfxRvswsJkdkcuJwgum,,,,,approved,"2024-01-14 00:00:00",11390.5,INR,279.067,,279.067,279.067,11390.5,11390.5,INR,2024-01-14,00:00:00
65fd41ca1617123bd20ae566,65fd41c91617123bd20ae565,277,Samsung,csv_upload,XX,XX,XX,,Default,12357647680,,9JfxRvswsJkdkcuJwgum,9JfxRvswsJkdkcuJwgum,,,,,approved,"2024-01-14 00:00:00",11390.5,INR,279.067,,279.067,279.067,11390.5,11390.5,INR,2024-01-14,00:00:00
65fd41ca1617123bd20ae569,65fd41ca1617123bd20ae568,277,Samsung,csv_upload,XX,XX,XX,,Default,12063261575,,9JfxRvswsJkdkcuJwgum,9JfxRvswsJkdkcuJwgum,,,,,approved,"2024-01-14 00:00:00",11390.5,INR,279.067,,279.067,279.067,11390.5,11390.5,INR,2024-01-14,00:00:00
65fd41ca1617123bd20ae56c,65fd41ca1617123bd20ae56b,277,Samsung,csv_upload,XX,XX,XX,,Default,12534110526,,9JfxRvswsJkdkcuJwgum,9JfxRvswsJkdkcuJwgum,,,,,approved,"2024-01-14 00:00:00",11390.5,INR,279.067,,279.067,279.067,11390.5,11390.5,INR,2024-01-14,00:00:00
65fd41ca1617123bd20ae56f,65fd41ca1617123bd20ae56e,277,Samsung,csv_upload,XX,XX,XX,,Default,12500826370,,9JfxRvswsJkdkcuJwgum,9JfxRvswsJkdkcuJwgum,,,,,approved,"2024-01-14 00:00:00",11390.5,INR,279.067,,279.067,279.067,11390.5,11390.5,INR,2024-01-14,00:00:00
65fd41ca1617123bd20ae572,65fd41ca1617123bd20ae571,277,Samsung,csv_upload,XX,XX,XX,,Default,12064220140,,9JfxRvswsJkdkcuJwgum,9JfxRvswsJkdkcuJwgum,,,,,approved,"2024-01-14 00:00:00",11390.5,INR,279.067,,279.067,279.067,11390.5,11390.5,INR,2024-01-14,00:00:00
65fd41511617123bd20add1a,65fd41511617123bd20add19,277,Samsung,csv_upload,XX,XX,XX,,Default,12067979680,,9JfxRvswsJkdkcuJwgum,9JfxRvswsJkdkcuJwgum,,,,,approved,"2024-01-16 00:00:00",10901.5,INR,267.087,,267.087,267.087,10901.5,10901.5,INR,2024-01-16,00:00:00
65fd41cf1617123bd20ae5b7,65fd41cf1617123bd20ae5b6,277,Samsung,csv_upload,XX,XX,XX,,Default,12334062390,,9JfxRvswsJkdkcuJwgum,9JfxRvswsJkdkcuJwgum,,,,,approved,"2024-01-16 00:00:00",11390.5,INR,279.067,,279.067,279.067,11390.5,11390.5,INR,2024-01-16,00:00:00
65fd41d11617123bd20ae5d8,65fd41d11617123bd20ae5d7,277,Samsung,csv_upload,XX,XX,XX,,Default,12000946756,,9JfxRvswsJkdkcuJwgum,9JfxRvswsJkdkcuJwgum,,,,,approved,"2024-01-17 00:00:00",11390.5,INR,279.067,,279.067,279.067,11390.5,11390.5,INR,2024-01-17,00:00:00
